# type\tname\thex\tfields (decimal; optional cursor fields use -)
header	hello	5853504100000000000000000807060504030201	0	0	0	0	72623859790382856
header	video_config	5853504100010000000000000807060504030201	0	1	0	0	72623859790382856
header	stats	5853504100020000000000000807060504030201	0	2	0	0	72623859790382856
header	camera_control	5853504100030000000000000807060504030201	0	3	0	0	72623859790382856
header	ping	5853504100040000000000000807060504030201	0	4	0	0	72623859790382856
header	pong	5853504100050000000000000807060504030201	0	5	0	0	72623859790382856
header	error	5853504100060000000000000807060504030201	0	6	0	0	72623859790382856
header	cursor	5853504100070000000000000807060504030201	0	7	0	0	72623859790382856
header	hello_request	5853504100080000000000000807060504030201	0	8	0	0	72623859790382856
header	session_end	5853504100090000000000000807060504030201	0	9	0	0	72623859790382856
header	camera_status	58535041000a0000000000000807060504030201	0	10	0	0	72623859790382856
header	touch	5853504101000000150000007b00000000000000	1	0	0	21	123
header	video_keyframe	5853504102000100040000007b00000000000000	2	0	1	4	123
header	camera_config	5853504103000200040000007b00000000000000	3	0	2	4	123
header	max_payload	5853504102000300000000017b00000000000000	2	0	3	16777216	123
touch	down	00040302010000000000e05e4000000000002045c0	0	16909060	123.5	-42.25
touch	motion	01040302010000000000e05e4000000000002045c0	1	16909060	123.5	-42.25
touch	up	02040302010000000000e05e4000000000002045c0	2	16909060	123.5	-42.25
cursor	hide	00	false	-	-	-	-	-	-	-
cursor	position	03fdffffff90010000	true	-3	400	-	-	-	-	-
cursor	full	0f64000000c8000000feff030001000100010203ff	true	100	200	-2	3	1	1	010203ff
